{"train/train_runtime": 41.6363, "train/train_samples_per_second": 1.489, "train/train_steps_per_second": 0.024, "train/total_flos": 159544992595968.0, "train/train_loss": 2.663780450820923, "train/epoch": 1.0, "train/global_step": 1, "_timestamp": 1689673590.197734, "_runtime": 37.63852620124817, "_step": 0, "_wandb": {"runtime": 33}}