{"train/train_runtime": 43.3251, "train/train_samples_per_second": 1.431, "train/train_steps_per_second": 0.023, "train/total_flos": 159544992595968.0, "train/train_loss": 2.663780450820923, "train/epoch": 1.0, "train/global_step": 1, "_timestamp": 1689652282.4129786, "_runtime": 39.497780561447144, "_step": 0, "_wandb": {"runtime": 33}}